{"loss": [1.3161941766738892, 0.43188372254371643, 0.25709471106529236, 0.18284042179584503, 0.13443411886692047, 0.09994924813508987, 0.08127346634864807, 0.07122014462947845, 0.06279929727315903, 0.05341324210166931], "accuracy": [0.6126893758773804, 0.8616971373558044, 0.9178320169448853, 0.9407497048377991, 0.955814778804779, 0.9676505923271179, 0.9726722836494446, 0.9763709902763367, 0.9797567129135132, 0.9827299118041992], "val_loss": [0.5669649243354797, 0.32046744227409363, 0.20259688794612885, 0.1987176239490509, 0.1653968244791031, 0.12671086192131042, 0.1029881164431572, 0.14900265634059906, 0.14487500488758087, 0.1470760554075241], "val_accuracy": [0.8237537145614624, 0.8959139585494995, 0.9354085922241211, 0.9345549941062927, 0.9487821459770203, 0.959936261177063, 0.9702936410903931, 0.9535055756568909, 0.9547006487846375, 0.9550421237945557]}